id;nom;prenom;login;lang_key;photo;photo_content_type;email;telephone;deleted
1;integrate cutting-edge;Small SMTP;program;harness Health;../fake-data/blob/hipster.png;image/png;Ernest14@yahoo.com;(189) 777-3526;true
2;Progressive;revolutionize back-end engineer;Licensed Gorgeous Plastic Shoes hard drive;Generic;../fake-data/blob/hipster.png;image/png;Gabriel21@yahoo.com;1-736-557-7988;true
3;indexing Infrastructure;Internal olive;Plastic;throughput;../fake-data/blob/hipster.png;image/png;Mercedes_Zulauf@yahoo.com;1-894-148-2769 x16168;false
4;overriding Music;Uzbekistan Sum discrete 1080p;Vista;Practical Texas;../fake-data/blob/hipster.png;image/png;Alexanne44@gmail.com;(340) 302-2382;false
5;Bedfordshire Cuba XML;withdrawal;connecting;Decentralized Generic 6th generation;../fake-data/blob/hipster.png;image/png;Brian17@hotmail.com;1-609-702-6279 x701;true
6;Chief;incubate synthesizing;deposit Refined Dobra;front-end Fish scalable;../fake-data/blob/hipster.png;image/png;Hunter.Legros61@hotmail.com;(701) 313-8771;true
7;online encompassing;visualize withdrawal;Health;Dominica Somoni;../fake-data/blob/hipster.png;image/png;Beth_Parisian@gmail.com;(664) 355-7214;true
8;implement revolutionary;radical Zimbabwe;indexing;Principal quantify parsing;../fake-data/blob/hipster.png;image/png;Mona64@yahoo.com;544-538-0084;true
9;attitude;Liaison Brazil;integrate Montana;JSON Concrete;../fake-data/blob/hipster.png;image/png;Lenny53@gmail.com;901-099-1264 x03585;false
10;Security functionalities Berkshire;Bahamian Dollar;reboot;Jewelery quantify;../fake-data/blob/hipster.png;image/png;Kip_Waelchi@yahoo.com;(672) 615-9154;true
