id;nom;prenom;login;password;lang_key;photo;photo_content_type;email;telephone;deleted
1;reciprocal payment;Kuwait;Belize Dollar compressing Handcrafted;Rhode Island Administrator compressing;array;../fake-data/blob/hipster.png;image/png;Devyn86@hotmail.com;1-935-369-2045 x79075;false
2;iterate;PNG Avon Auto Loan Account;global Springs Checking Account;superstructure parsing Ergonomic;Maine uniform index;../fake-data/blob/hipster.png;image/png;Lauren.Kutch22@yahoo.com;1-149-066-8611;false
3;Saint Kitts and Nevis Mill;Licensed;Music index;Dalasi;Idaho Villages Hryvnia;../fake-data/blob/hipster.png;image/png;Eldridge7@hotmail.com;345-327-5104 x94991;false
4;payment;Borders;Forward overriding Product;Avon global;Electronics;../fake-data/blob/hipster.png;image/png;Alexane11@hotmail.com;312.021.3935;false
5;Gorgeous reboot;Nicaragua Cambridgeshire;Cotton;Director optical COM;Licensed invoice Supervisor;../fake-data/blob/hipster.png;image/png;Letha_Buckridge@yahoo.com;(116) 000-7649 x9443;true
6;Checking Account;IB bricks-and-clicks viral;systems Regional;Central cohesive;efficient reinvent generating;../fake-data/blob/hipster.png;image/png;Ignatius82@yahoo.com;991.736.4311;true
7;Savings Account Shoes SAS;Chips synthesize Saint Helena Pound;embrace navigate;ivory;payment revolutionary Handmade;../fake-data/blob/hipster.png;image/png;Esteban_Bayer73@hotmail.com;1-561-553-6548 x518;true
8;Wall Hat;discrete panel;Grocery;systemic bandwidth;Won Borders Berkshire;../fake-data/blob/hipster.png;image/png;Derick.Conroy@hotmail.com;(779) 122-4565 x434;false
9;morph evolve Berkshire;azure Supervisor;Money Market Account Adaptive;Shoes Checking Account Divide;XML neural Home Loan Account;../fake-data/blob/hipster.png;image/png;Johanna.Tremblay@hotmail.com;224-738-9142;true
10;optical Product backing up;analyzing Auto Loan Account;Usability;Customer turquoise;Maryland;../fake-data/blob/hipster.png;image/png;Tania.Deckow80@yahoo.com;(979) 742-3381 x4905;false
